group,title,id,function_name,kind,split,duration_ms,stagger_ms,loop
循环,抽象的高科技背景纹理-可循环,7323232393291107610,anim_7323232393291107610,fade,whole,1400,0,1
入场,侧滑,7239559299196785209,anim_7239559299196785209,slide,whole,820,0,0
入场,展开,7221413342257091133,anim_7221413342257091133,fade,whole,760,0,0
入场,破镜重圆,7487891382980463911,anim_7487891382980463911,material,whole,1050,0,0
入场,放大,6798332733694153230,anim_6798332733694153230,zoom,whole,880,0,0
入场,向上滑动,6798333487523828238,anim_6798333487523828238,slide,whole,820,0,0
入场,便利贴,7379456870265655859,anim_7379456870265655859,fade,whole,760,0,0
入场,震波,7115301367786246692,anim_7115301367786246692,wave_shake,whole,760,0,0
入场,涟漪闪光,7645247185386229055,anim_7645247185386229055,glow,whole,1100,0,0
入场,渐显,6798320778182922760,anim_6798320778182922760,fade,whole,760,0,0
入场,向左滑动,6798332871267324423,anim_6798332871267324423,slide,whole,820,0,0
入场,闪现,7210363235906622012,anim_7210363235906622012,glow,whole,1100,0,0
入场,模糊聚焦,7633732253356494121,anim_7633732253356494121,blur,whole,900,0,0
入场,水墨,7321672946466951731,anim_7321672946466951731,material,whole,1050,0,0
入场,轻微放大,6800268825611735559,anim_6800268825611735559,zoom,whole,880,0,0
入场,向右滑动,6798333076469453320,anim_6798333076469453320,slide,whole,820,0,0
入场,球面滑动,7615180828229897513,anim_7615180828229897513,slide,whole,820,0,0
入场,曝光模糊,7647824063389338943,anim_7647824063389338943,blur,whole,900,0,0
入场,模糊渐清,7645243182833339691,anim_7645243182833339691,blur,whole,900,0,0
入场,向下滑动,6798333705401143816,anim_6798333705401143816,slide,whole,820,0,0
入场,缩小,6798332584276267527,anim_6798332584276267527,zoom,whole,880,0,0
入场,水波渐显,7615181271265742099,anim_7615181271265742099,wave_shake,whole,760,0,0
入场,点开,7436667461837001267,anim_7436667461837001267,fade,whole,760,0,0
入场,黑屏骤现,7645248596559809855,anim_7645248596559809855,fade,whole,760,0,0
入场,动感放大,6740867832570974733,anim_6740867832570974733,zoom,whole,880,0,0
入场,模糊缩小,7647577293933563160,anim_7647577293933563160,blur,whole,900,0,0
入场,泼墨开场,7542914285605752126,anim_7542914285605752126,fade,whole,760,0,0
入场,横向模糊,7301896031673782835,anim_7301896031673782835,blur,whole,900,0,0
入场,云层穿梭,7577237923993505048,anim_7577237923993505048,fade,whole,760,0,0
入场,上下抖动,6739418390030455300,anim_6739418390030455300,wave_shake,whole,760,0,0
入场,翻入,7452407076417966619,anim_7452407076417966619,rotate,whole,960,0,0
入场,交错开幕,7280797339042714169,anim_7280797339042714169,wipe,whole,960,0,0
入场,神奇弹窗,7467842885740663306,anim_7467842885740663306,bounce,whole,900,0,0
入场,水墨花朵,7572490164921093401,anim_7572490164921093401,material,whole,1050,0,0
入场,轻微抖动,6739418227031413256,anim_6739418227031413256,wave_shake,whole,760,0,0
入场,径向模糊,7649344229021338886,anim_7649344229021338886,blur,whole,900,0,0
入场,折纸展开,7589104193479249177,anim_7589104193479249177,rotate,whole,960,0,0
入场,眨眼,7540608230406327576,anim_7540608230406327576,fade,whole,760,0,0
入场,烟雾弹,7226641244938572346,anim_7226641244938572346,bounce,whole,900,0,0
入场,折叠开幕,7239273897491698232,anim_7239273897491698232,rotate,whole,960,0,0
入场,镜像翻转,6797338697625768455,anim_6797338697625768455,rotate,whole,960,0,0
入场,聚合,7303524763589153306,anim_7303524763589153306,fade,whole,760,0,0
入场,拖影放大,7647821509729340735,anim_7647821509729340735,blur,whole,900,0,0
入场,模糊聚焦,7337937899704291866,anim_7337937899704291866,blur,whole,900,0,0
入场,垂直扫光,7649343547203652907,anim_7649343547203652907,glow,whole,1100,0,0
入场,Kira游动,7311984593387655731,anim_7311984593387655731,fade,whole,760,0,0
入场,粒子爱心,7468589731727544882,anim_7468589731727544882,material,whole,1050,0,0
入场,闪跳入场,7625909926719720754,anim_7625909926719720754,bounce,whole,900,0,0
入场,黑白渐显,7640329015538240830,anim_7640329015538240830,fade,whole,760,0,0
入场,旋转开幕,7186944542409495099,anim_7186944542409495099,rotate,whole,960,0,0
入场,旋转,6798334070653719054,anim_6798334070653719054,rotate,whole,960,0,0
入场,网格渐进,7646363585081331006,anim_7646363585081331006,fade,whole,760,0,0
入场,变速扩大,7450031573954466314,anim_7450031573954466314,zoom,whole,880,0,0
入场,圆形开幕,7218210014949806647,anim_7218210014949806647,wipe,whole,960,0,0
入场,斜切,7210657307938525751,anim_7210657307938525751,fade,whole,760,0,0
入场,螺旋开场,7650406782279585048,anim_7650406782279585048,rotate,whole,960,0,0
入场,像素渐显,7623349872497823014,anim_7623349872497823014,fade,whole,760,0,0
入场,浪光渐显,7623373568973360434,anim_7623373568973360434,fade,whole,760,0,0
入场,圆环扩散,7604761523457723690,anim_7604761523457723690,fade,whole,760,0,0
入场,向下甩入,6739338374441603598,anim_6739338374441603598,slide,whole,820,0,0
入场,向上转入 II,6818747060649464327,anim_6818747060649464327,rotate,whole,960,0,0
入场,云朵爆炸,7625259246304939288,anim_7625259246304939288,material,whole,1050,0,0
入场,纸张展开,7578773611553803544,anim_7578773611553803544,fade,whole,760,0,0
入场,砸出波纹,7255594501694034490,anim_7255594501694034490,material,whole,1050,0,0
入场,模糊放大,7646997452339432766,anim_7646997452339432766,blur,whole,900,0,0
入场,抖动下降,6991764455931515422,anim_6991764455931515422,wave_shake,whole,760,0,0
入场,对角斜切,7628147398048779544,anim_7628147398048779544,fade,whole,760,0,0
入场,光线开幕,7606924325228383512,anim_7606924325228383512,wipe,whole,960,0,0
入场,画面擦除,7448898555617481226,anim_7448898555617481226,wipe,whole,960,0,0
入场,向上转入,6808401616564130312,anim_6808401616564130312,rotate,whole,960,0,0
入场,左右抖动,6739418540421419524,anim_6739418540421419524,wave_shake,whole,760,0,0
入场,相片翻转,7639211741565537599,anim_7639211741565537599,rotate,whole,960,0,0
入场,旋转圆球,7380298290140549647,anim_7380298290140549647,rotate,whole,960,0,0
入场,弹近,7314144465944318502,anim_7314144465944318502,bounce,whole,900,0,0
入场,轻微抖动 III,6781683302672634382,anim_6781683302672634382,wave_shake,whole,760,0,0
入场,轻微抖动 II,6739418677910704651,anim_6739418677910704651,wave_shake,whole,760,0,0
入场,魔法粒子I,7446622476928291379,anim_7446622476928291379,material,whole,1050,0,0
入场,动感弹窗,7570218816635096345,anim_7570218816635096345,bounce,whole,900,0,0
入场,层叠放大,7629278390855404850,anim_7629278390855404850,zoom,whole,880,0,0
入场,像素浮现,7649053027013528856,anim_7649053027013528856,fade,whole,760,0,0
入场,偏振旋转,7647816310058929451,anim_7647816310058929451,rotate,whole,960,0,0
入场,笔刷涂抹,7548850869673119001,anim_7548850869673119001,fade,whole,760,0,0
入场,屏闪出现,7566987705314200894,anim_7566987705314200894,glow,whole,1100,0,0
入场,魔法粒子II,7446673584296038949,anim_7446673584296038949,material,whole,1050,0,0
入场,钟摆,6803260897117606414,anim_6803260897117606414,rotate,whole,960,0,0
入场,拼块弹入,7646388059956661528,anim_7646388059956661528,bounce,whole,900,0,0
入场,水波纹扭曲,7640501439781047614,anim_7640501439781047614,wave_shake,whole,760,0,0
入场,毛边展开,7570744085665910040,anim_7570744085665910040,fade,whole,760,0,0
入场,擦除开场,7644213512163855640,anim_7644213512163855640,wipe,whole,960,0,0
入场,向右转入,6805019065761927694,anim_6805019065761927694,rotate,whole,960,0,0
入场,白光回填,7647344830460431641,anim_7647344830460431641,fade,whole,760,0,0
入场,幕布,7452242347661726217,anim_7452242347661726217,wipe,whole,960,0,0
入场,卡片飞入,7566859627682417982,anim_7566859627682417982,slide,whole,820,0,0
入场,金沙,7441139821747114523,anim_7441139821747114523,material,whole,1050,0,0
入场,动感缩小,6740868384637850120,anim_6740868384637850120,zoom,whole,880,0,0
入场,向右甩入,6739338727866241539,anim_6739338727866241539,slide,whole,820,0,0
入场,幕布下落,7577591815696715033,anim_7577591815696715033,wipe,whole,960,0,0
入场,撒落汇聚,7614071894731410712,anim_7614071894731410712,fade,whole,760,0,0
入场,金粉散落,7547294008373038360,anim_7547294008373038360,material,whole,1050,0,0
入场,跳转开幕,7279999334001676857,anim_7279999334001676857,bounce,whole,900,0,0
入场,漩涡旋转,6782010677520241165,anim_6782010677520241165,rotate,whole,960,0,0
入场,圆形放大,7539475499706289432,anim_7539475499706289432,zoom,whole,880,0,0
入场,拉开网页,7543905524060835096,anim_7543905524060835096,slide,whole,820,0,0
入场,翻书,7452662871550333477,anim_7452662871550333477,rotate,whole,960,0,0
入场,雨刷,6802871256849846791,anim_6802871256849846791,wipe,whole,960,0,0
入场,向左转入,6816560956647150093,anim_6816560956647150093,rotate,whole,960,0,0
入场,信号干扰,7603290131830770987,anim_7603290131830770987,glitch,whole,780,0,0
入场,卷纸打开,7566547863262596377,anim_7566547863262596377,fade,whole,760,0,0
入场,暴风雪,7614406474076441918,anim_7614406474076441918,material,whole,1050,0,0
入场,向左上甩入,6740122563692728844,anim_6740122563692728844,slide,whole,820,0,0
入场,雨刷 II,6805748897768542727,anim_6805748897768542727,wipe,whole,960,0,0
入场,脉冲,7379909514847326732,anim_7379909514847326732,fade,whole,760,0,0
入场,折叠展开,7572555756021583128,anim_7572555756021583128,rotate,whole,960,0,0
入场,暖光闪现,7647826877440134436,anim_7647826877440134436,glow,whole,1100,0,0
入场,向右上甩入,6740122731418751495,anim_6740122731418751495,slide,whole,820,0,0
入场,水滴,7646368890221743385,anim_7646368890221743385,fade,whole,760,0,0
入场,滑片滑动,7447351620641247781,anim_7447351620641247781,slide,whole,820,0,0
入场,笔刷擦除,7623349714884381962,anim_7623349714884381962,wipe,whole,960,0,0
入场,老电视,7290754106417746491,anim_7290754106417746491,glitch,whole,780,0,0
入场,向左下甩入,6739395445346275853,anim_6739395445346275853,slide,whole,820,0,0
入场,长条掉入,7649060113399188761,anim_7649060113399188761,slide,whole,820,0,0
入场,粒子旋入,7578172611302165784,anim_7578172611302165784,rotate,whole,960,0,0
入场,百叶下翻,7623372284144799002,anim_7623372284144799002,rotate,whole,960,0,0
入场,水波入场,7540984322006830398,anim_7540984322006830398,wave_shake,whole,760,0,0
入场,NEWS开场,7649268753355722009,anim_7649268753355722009,fade,whole,760,0,0
入场,窗格拼入,7648945190081891646,anim_7648945190081891646,fade,whole,760,0,0
入场,卡片扫光,7437386424032186931,anim_7437386424032186931,glow,whole,1100,0,0
入场,果冻闪入,7613316419845000490,anim_7613316419845000490,glow,whole,1100,0,0
入场,翻卡,7431502518753956403,anim_7431502518753956403,rotate,whole,960,0,0
入场,向右下甩入,6739395718223499787,anim_6739395718223499787,slide,whole,820,0,0
入场,拼块展开,7649337893147741465,anim_7649337893147741465,fade,whole,760,0,0
入场,粒子聚焦,7631882147556625706,anim_7631882147556625706,blur,whole,900,0,0
入场,拼图,7369889381357720102,anim_7369889381357720102,fade,whole,760,0,0
入场,水墨晕染,7645239822877019433,anim_7645239822877019433,material,whole,1050,0,0
入场,足球飞入,7648982529818578201,anim_7648982529818578201,slide,whole,820,0,0
入场,Q弹芋圆,7647417111928737048,anim_7647417111928737048,bounce,whole,900,0,0
入场,截取开屏,7602834543191559449,anim_7602834543191559449,wipe,whole,960,0,0
入场,方块合并,7623372790317567282,anim_7623372790317567282,fade,whole,760,0,0
入场,水滴聚合,7545729071028833560,anim_7545729071028833560,fade,whole,760,0,0
入场,柔波舒展,7650424446221864217,anim_7650424446221864217,fade,whole,760,0,0
入场,拉伸回落,7646335472565800216,anim_7646335472565800216,zoom,whole,880,0,0
入场,共振扩散,7613316932858613011,anim_7613316932858613011,fade,whole,760,0,0
入场,碎片转入,7540669194447179032,anim_7540669194447179032,rotate,whole,960,0,0
入场,水珠放大,7579291432968588568,anim_7579291432968588568,zoom,whole,880,0,0
入场,左右扭动,7593261180710423844,anim_7593261180710423844,fade,whole,760,0,0
入场,纸张撕开,7572090768035400985,anim_7572090768035400985,fade,whole,760,0,0
入场,错位玻璃,7620385728140332313,anim_7620385728140332313,glitch,whole,780,0,0
入场,抖动变焦,7156911481563386381,anim_7156911481563386381,wave_shake,whole,760,0,0
入场,扫光入场,7633799872893898046,anim_7633799872893898046,glow,whole,1100,0,0
入场,纸张展开II,7578811899593116952,anim_7578811899593116952,fade,whole,760,0,0
入场,面片旋转,7645241579694804287,anim_7645241579694804287,rotate,whole,960,0,0
入场,幻银融景,7548064178951425342,anim_7548064178951425342,fade,whole,760,0,0
入场,玫瑰,7397370569856913947,anim_7397370569856913947,fade,whole,760,0,0
入场,荧光爆闪,7347948517471556096,anim_7347948517471556096,glow,whole,1100,0,0
入场,爱心展开,7613315514634489124,anim_7613315514634489124,fade,whole,760,0,0
入场,拼图展开,7645232370106387754,anim_7645232370106387754,fade,whole,760,0,0
入场,点击交互,7564691778411171134,anim_7564691778411171134,fade,whole,760,0,0
入场,爱心碰撞,7327872475453198848,anim_7327872475453198848,fade,whole,760,0,0
入场,弹射入场,7478237435915455769,anim_7478237435915455769,bounce,whole,900,0,0
入场,画出爱心,7248901535894082105,anim_7248901535894082105,fade,whole,760,0,0
入场,水墨晕入,7645241020707343670,anim_7645241020707343670,material,whole,1050,0,0
入场,震波 III,7288985830578721336,anim_7288985830578721336,wave_shake,whole,760,0,0
入场,扑面而来,7579269307545210137,anim_7579269307545210137,fade,whole,760,0,0
入场,碎片拼接,7600343638270332184,anim_7600343638270332184,material,whole,1050,0,0
入场,爱心入场,7546452008912489752,anim_7546452008912489752,fade,whole,760,0,0
入场,爬入,7497199468203265291,anim_7497199468203265291,fade,whole,760,0,0
入场,报纸拼贴Ⅱ,7449589619038884390,anim_7449589619038884390,fade,whole,760,0,0
入场,转圈圈,7246643852411408952,anim_7246643852411408952,rotate,whole,960,0,0
入场,枫叶遮罩,7436273288612942363,anim_7436273288612942363,wipe,whole,960,0,0
入场,宫格归位Ⅱ,7633732237233605929,anim_7633732237233605929,fade,whole,760,0,0
入场,闪白,7612575746694860075,anim_7612575746694860075,glow,whole,1100,0,0
入场,紫圈外扩,7645248099283242246,anim_7645248099283242246,fade,whole,760,0,0
入场,闪屏,7242155802209817147,anim_7242155802209817147,glow,whole,1100,0,0
入场,菱形展开,7630760590536953107,anim_7630760590536953107,fade,whole,760,0,0
入场,条纹排列,7623350004895304987,anim_7623350004895304987,fade,whole,760,0,0
入场,果冻 II,7171690870788329992,anim_7171690870788329992,fade,whole,760,0,0
入场,远处飞进,7481660475340492057,anim_7481660475340492057,fade,whole,760,0,0
入场,翻转弹入,7538488782333676825,anim_7538488782333676825,bounce,whole,900,0,0
入场,播放器开场,7635008067201158424,anim_7635008067201158424,fade,whole,760,0,0
入场,多维空间,7449596462645645850,anim_7449596462645645850,fade,whole,760,0,0
入场,心形放大,7042968847070007844,anim_7042968847070007844,zoom,whole,880,0,0
入场,撕开快递,7633760682906766617,anim_7633760682906766617,fade,whole,760,0,0
入场,百叶右翻,7623351303762234634,anim_7623351303762234634,rotate,whole,960,0,0
入场,吹泡泡,7641539839871012120,anim_7641539839871012120,fade,whole,760,0,0
入场,碎片汇聚,7552088507859307838,anim_7552088507859307838,material,whole,1050,0,0
入场,水滴遮罩,7441475431309513267,anim_7441475431309513267,wipe,whole,960,0,0
入场,端午开幕,7511008216051027262,anim_7511008216051027262,wipe,whole,960,0,0
入场,圆形遮罩,7645737506821999934,anim_7645737506821999934,wipe,whole,960,0,0
入场,玻璃聚集,7340265236101861915,anim_7340265236101861915,material,whole,1050,0,0
入场,条带扫描,7647821308176239913,anim_7647821308176239913,fade,whole,760,0,0
入场,星星拖尾,7573992180377750809,anim_7573992180377750809,fade,whole,760,0,0
入场,漩涡干扰,7613316422378343723,anim_7613316422378343723,glitch,whole,780,0,0
入场,迷幻流光,7395178910083715638,anim_7395178910083715638,glow,whole,1100,0,0
入场,PASSION,7432237078705869362,anim_7432237078705869362,fade,whole,760,0,0
入场,负片频闪,7593258383122222399,anim_7593258383122222399,glow,whole,1100,0,0
入场,拍照定格,7603251586445430040,anim_7603251586445430040,fade,whole,760,0,0
入场,立方分体,7402167652220670514,anim_7402167652220670514,fade,whole,760,0,0
入场,拉取放大,7628619955256216856,anim_7628619955256216856,zoom,whole,880,0,0
入场,闪冲抖动,7615182059190930742,anim_7615182059190930742,glow,whole,1100,0,0
入场,照片回忆,7436273289170784806,anim_7436273289170784806,fade,whole,760,0,0
入场,分身模糊,7434746460186350131,anim_7434746460186350131,blur,whole,900,0,0
出场,渐隐消散,7645249062601542966,anim_7645249062601542966,fade,whole,760,0,0
出场,圆形闭幕,7218210114052821561,anim_7218210114052821561,wipe,whole,960,0,0
出场,烟雾弹,7229149181762343484,anim_7229149181762343484,bounce,whole,900,0,0
出场,向右滑动,6798333350487527950,anim_6798333350487527950,slide,whole,820,0,0
出场,向左滑动,6798332972098392584,anim_6798332972098392584,slide,whole,820,0,0
出场,便利贴,7379884133268328996,anim_7379884133268328996,fade,whole,760,0,0
出场,心形缩小,7034346969086562824,anim_7034346969086562824,zoom,whole,880,0,0
出场,侧滑,7239559574095663671,anim_7239559574095663671,slide,whole,820,0,0
出场,渐隐,6798320902548230669,anim_6798320902548230669,fade,whole,760,0,0
出场,向上滑动,6798333612958683656,anim_6798333612958683656,slide,whole,820,0,0
出场,再见闭幕,7579833343550770456,anim_7579833343550770456,wipe,whole,960,0,0
出场,溶解飘散,7618534771370560830,anim_7618534771370560830,slide,whole,820,0,0
出场,熄灭,7625910074275269914,anim_7625910074275269914,fade,whole,760,0,0
出场,向下滑动,6798333787986989576,anim_6798333787986989576,slide,whole,820,0,0
出场,缩小,6798332648814023181,anim_6798332648814023181,zoom,whole,880,0,0
出场,玻璃爆开,7347865496508699170,anim_7347865496508699170,material,whole,1050,0,0
出场,横向模糊,7301943351320777267,anim_7301943351320777267,blur,whole,900,0,0
出场,推近,7616276754021322003,anim_7616276754021322003,fade,whole,760,0,0
出场,放大,6798332801864176142,anim_6798332801864176142,zoom,whole,880,0,0
出场,轻微放大,6800268611807089166,anim_6800268611807089166,zoom,whole,880,0,0
出场,卡片飞出,7569977390043286846,anim_7569977390043286846,slide,whole,820,0,0
出场,完全消散,7553626470992661785,anim_7553626470992661785,fade,whole,760,0,0
出场,飘散,7305957010518839846,anim_7305957010518839846,slide,whole,820,0,0
出场,中心扯散,7647808347793624361,anim_7647808347793624361,zoom,whole,880,0,0
出场,翻出,7452359860659687986,anim_7452359860659687986,rotate,whole,960,0,0
出场,闭眼,7576200135227526462,anim_7576200135227526462,fade,whole,760,0,0
出场,电视息屏,7603292328710737171,anim_7603292328710737171,glitch,whole,780,0,0
出场,闪现,7186978468087730749,anim_7186978468087730749,glow,whole,1100,0,0
出场,暗流渐隐,7647807962014092586,anim_7647807962014092586,fade,whole,760,0,0
出场,镜像翻转,6738353628215513613,anim_6738353628215513613,rotate,whole,960,0,0
出场,魔法粒子II,7446673724146717221,anim_7446673724146717221,material,whole,1050,0,0
出场,下期再见,7625909501278866697,anim_7625909501278866697,fade,whole,760,0,0
出场,闪光闭幕,7546507810352287038,anim_7546507810352287038,glow,whole,1100,0,0
出场,Kira游动,7312343337199997450,anim_7312343337199997450,fade,whole,760,0,0
出场,折叠闭幕,7239273967310082621,anim_7239273967310082621,rotate,whole,960,0,0
出场,屏闪消失,7547530087906954558,anim_7547530087906954558,glow,whole,1100,0,0
出场,退场Ⅴ,7631882873829657862,anim_7631882873829657862,fade,whole,760,0,0
出场,点赞关注,7623350824328039690,anim_7623350824328039690,fade,whole,760,0,0
出场,斜切,7210659943051956797,anim_7210659943051956797,fade,whole,760,0,0
出场,旋转闭幕,6942482728335970823,anim_6942482728335970823,rotate,whole,960,0,0
出场,未完待续,7615089060666821913,anim_7615089060666821913,fade,whole,760,0,0
出场,欢迎咨询,7623349012489440521,anim_7623349012489440521,fade,whole,760,0,0
出场,神奇弹窗,7482608787942067475,anim_7482608787942067475,bounce,whole,900,0,0
出场,向上转出,6818747115934585357,anim_6818747115934585357,rotate,whole,960,0,0
出场,跳转闭幕,7280420767378969143,anim_7280420767378969143,bounce,whole,900,0,0
出场,老电视,7283429462924857914,anim_7283429462924857914,glitch,whole,780,0,0
出场,落幕,7623350635466968370,anim_7623350635466968370,fade,whole,760,0,0
出场,圆环收缩,7604760011700555071,anim_7604760011700555071,zoom,whole,880,0,0
出场,灼烧出现,7447044440859873801,anim_7447044440859873801,fade,whole,760,0,0
出场,旋转,6798334141323547143,anim_6798334141323547143,rotate,whole,960,0,0
出场,幕布,7448986761297924618,anim_7448986761297924618,wipe,whole,960,0,0
出场,粉尘爆炸,7568879248623111486,anim_7568879248623111486,material,whole,1050,0,0
出场,翻卡,7431509039437058586,anim_7431509039437058586,rotate,whole,960,0,0
出场,向上转出 II,6818747169017696781,anim_6818747169017696781,rotate,whole,960,0,0
出场,漩涡旋转,6778418947361346061,anim_6778418947361346061,rotate,whole,960,0,0
出场,金沙,7441139691694330378,anim_7441139691694330378,material,whole,1050,0,0
出场,交错闭幕,7280797214186672701,anim_7280797214186672701,wipe,whole,960,0,0
出场,拍立得甩出,7615190699872357657,anim_7615190699872357657,slide,whole,820,0,0
出场,冰雪融化,7447044440864068122,anim_7447044440864068122,material,whole,1050,0,0
出场,长条升出,7648941965496814872,anim_7648941965496814872,fade,whole,760,0,0
出场,碎片掉落,7550992261094559000,anim_7550992261094559000,slide,whole,820,0,0
出场,画面擦除,7448898555617497626,anim_7448898555617497626,wipe,whole,960,0,0
出场,剧终,7578712074256272664,anim_7578712074256272664,fade,whole,760,0,0
出场,窗格拼出,7648979759103266072,anim_7648979759103266072,fade,whole,760,0,0
出场,粒子爱心,7468589804356112946,anim_7468589804356112946,material,whole,1050,0,0
出场,弹远,7314925770181186075,anim_7314925770181186075,bounce,whole,900,0,0
出场,砸出波纹,7255599483226952249,anim_7255599483226952249,material,whole,1050,0,0
出场,退场Ⅵ,7631883104889605382,anim_7631883104889605382,fade,whole,760,0,0
出场,消散成花,7548303463390924056,anim_7548303463390924056,fade,whole,760,0,0
出场,魔法粒子I,7446622476928291378,anim_7446622476928291378,material,whole,1050,0,0
出场,向下甩动,7338638617322983976,anim_7338638617322983976,slide,whole,820,0,0
出场,闪屏,7243999104114627132,anim_7243999104114627132,glow,whole,1100,0,0
出场,快速翻页,7296416099606729225,anim_7296416099606729225,rotate,whole,960,0,0
出场,退场Ⅱ,7623349137211133230,anim_7623349137211133230,fade,whole,760,0,0
出场,水墨,7322073757080621606,anim_7322073757080621606,material,whole,1050,0,0
出场,脉冲,7379909625870553654,anim_7379909625870553654,fade,whole,760,0,0
出场,定格放大,7557643142468635966,anim_7557643142468635966,zoom,whole,880,0,0
出场,分身模糊,7434746460182155827,anim_7434746460182155827,blur,whole,900,0,0
出场,云层隐没,7611903831160392985,anim_7611903831160392985,fade,whole,760,0,0
出场,抖动变焦,7153942002696983047,anim_7153942002696983047,wave_shake,whole,760,0,0
出场,玻璃碎裂,7623373276760247603,anim_7623373276760247603,material,whole,1050,0,0
出场,左右消散,7647823539868814611,anim_7647823539868814611,fade,whole,760,0,0
出场,粒子旋出,7574386412317953342,anim_7574386412317953342,rotate,whole,960,0,0
出场,画出爱心,7248951676420231735,anim_7248951676420231735,fade,whole,760,0,0
出场,关机,7540263073177881880,anim_7540263073177881880,glitch,whole,780,0,0
出场,飞远,7394730499492549158,anim_7394730499492549158,fade,whole,760,0,0
出场,模糊聚焦,7338742568592609801,anim_7338742568592609801,blur,whole,900,0,0
出场,退场,7623349260628577574,anim_7623349260628577574,fade,whole,760,0,0
出场,拉扯撕裂,7566252246116158782,anim_7566252246116158782,fade,whole,760,0,0
出场,故障退出,7565425621887716633,anim_7565425621887716633,glitch,whole,780,0,0
出场,旋转圆球,7381753028732260916,anim_7381753028732260916,rotate,whole,960,0,0
出场,金粒弥散,7645248627568430390,anim_7645248627568430390,fade,whole,760,0,0
出场,燃烧闭幕,7547644842315353368,anim_7547644842315353368,wipe,whole,960,0,0
出场,干扰熄屏,7631881433480449316,anim_7631881433480449316,glitch,whole,780,0,0
出场,闪光消散,7647808161662946601,anim_7647808161662946601,glow,whole,1100,0,0
出场,赛博消失,7616256374338620696,anim_7616256374338620696,glitch,whole,780,0,0
出场,心形收缩,7612573022892969259,anim_7612573022892969259,zoom,whole,880,0,0
出场,感谢关注,7625909319795559731,anim_7625909319795559731,fade,whole,760,0,0
出场,闭帘,7596973067298000169,anim_7596973067298000169,wipe,whole,960,0,0
出场,关闭页面,7634047100388543768,anim_7634047100388543768,fade,whole,760,0,0
出场,退场Ⅲ,7625909107299519782,anim_7625909107299519782,fade,whole,760,0,0
出场,点击收回,7585510695362432280,anim_7585510695362432280,fade,whole,760,0,0
出场,干扰闭幕,7640168456759069976,anim_7640168456759069976,glitch,whole,780,0,0
出场,变速扩大,7450031573958660617,anim_7450031573958660617,zoom,whole,880,0,0
出场,退场Ⅳ,7631882863444512042,anim_7631882863444512042,fade,whole,760,0,0
出场,碎片散开,7596973533637446975,anim_7596973533637446975,material,whole,1050,0,0
出场,向上滚动,7312341715220697650,anim_7312341715220697650,slide,whole,820,0,0
出场,扫描,7316816362305753609,anim_7316816362305753609,fade,whole,760,0,0
出场,折纸飞机,7582080330979364158,anim_7582080330979364158,rotate,whole,960,0,0
出场,折叠,7221420528148419133,anim_7221420528148419133,rotate,whole,960,0,0
出场,拼图,7369889275233440265,anim_7369889275233440265,fade,whole,760,0,0
出场,冰冻破碎,7581795911148457241,anim_7581795911148457241,fade,whole,760,0,0
出场,向上闪出,7273389599978689079,anim_7273389599978689079,glow,whole,1100,0,0
出场,拉丝滑出,7114172789287817758,anim_7114172789287817758,slide,whole,820,0,0
出场,多层环形,7329445038604161536,anim_7329445038604161536,fade,whole,760,0,0
出场,迷幻流光,7395482925006852647,anim_7395482925006852647,glow,whole,1100,0,0
出场,空间扭曲,7298918355841323529,anim_7298918355841323529,fade,whole,760,0,0
出场,翻转掉落,7536515679831248153,anim_7536515679831248153,rotate,whole,960,0,0
出场,菱形收缩,7604761085920529718,anim_7604761085920529718,zoom,whole,880,0,0
出场,光点聚散,7641155596368022820,anim_7641155596368022820,fade,whole,760,0,0
出场,纵向对折,7597326082978712856,anim_7597326082978712856,rotate,whole,960,0,0
出场,多维空间,7449596462645662235,anim_7449596462645662235,fade,whole,760,0,0
出场,转圈圈,7246706359381529125,anim_7246706359381529125,rotate,whole,960,0,0
出场,抖动横移,7265946879060349477,anim_7265946879060349477,wave_shake,whole,760,0,0
出场,照片飞出,7586251208097123609,anim_7586251208097123609,slide,whole,820,0,0
出场,滑片滑动,7447351620637037106,anim_7447351620637037106,slide,whole,820,0,0
出场,条状消失,7554746664024542526,anim_7554746664024542526,fade,whole,760,0,0
出场,纸片飘散,7588070909232254232,anim_7588070909232254232,slide,whole,820,0,0
出场,圆筒滚出,7595809684611943704,anim_7595809684611943704,rotate,whole,960,0,0
出场,缓缓推开,7569436103837797657,anim_7569436103837797657,slide,whole,820,0,0
出场,2025,7446306392748593714,anim_7446306392748593714,fade,whole,760,0,0
出场,拉开窗帘,7578433789739912510,anim_7578433789739912510,slide,whole,820,0,0
出场,枫叶遮罩,7436273288608748058,anim_7436273288608748058,wipe,whole,960,0,0
出场,流沙漩涡2,7549080076919246116,anim_7549080076919246116,fade,whole,760,0,0
出场,爱心碰撞,7328249133079204352,anim_7328249133079204352,fade,whole,760,0,0
出场,纸张燃烧,7618530326826110232,anim_7618530326826110232,material,whole,1050,0,0
出场,划水,7226632692354257445,anim_7226632692354257445,fade,whole,760,0,0
出场,震波 III,7289005562124046907,anim_7289005562124046907,wave_shake,whole,760,0,0
出场,螺旋消失,7581026123107110168,anim_7581026123107110168,rotate,whole,960,0,0
出场,发光矩形,7346510998771077659,anim_7346510998771077659,glow,whole,1100,0,0
出场,折叠闭合,7572548358804491545,anim_7572548358804491545,rotate,whole,960,0,0
出场,玫瑰,7397378784028004891,anim_7397378784028004891,fade,whole,760,0,0
出场,卡片扫光,7437386424036381211,anim_7437386424036381211,glow,whole,1100,0,0
出场,对角拉扯,7628146983580159257,anim_7628146983580159257,fade,whole,760,0,0
出场,卡片出场,7476426636267752730,anim_7476426636267752730,fade,whole,760,0,0
出场,立方合体,7405509410396574242,anim_7405509410396574242,fade,whole,760,0,0
出场,水滴遮罩,7441475431309513254,anim_7441475431309513254,wipe,whole,960,0,0
出场,订阅滑出,7647809468423490858,anim_7647809468423490858,slide,whole,820,0,0
出场,分屏翻转,7259341241031070268,anim_7259341241031070268,rotate,whole,960,0,0
出场,斜向拉丝,7360531353458184715,anim_7360531353458184715,fade,whole,760,0,0
出场,交叉震动,7223227564670587452,anim_7223227564670587452,wave_shake,whole,760,0,0
出场,截取关屏,7602518052806233406,anim_7602518052806233406,fade,whole,760,0,0
出场,纸条撕开,7588764519481167128,anim_7588764519481167128,fade,whole,760,0,0
出场,流金,7322857522648322586,anim_7322857522648322586,fade,whole,760,0,0
出场,爆炸冲击,7645244610914127110,anim_7645244610914127110,fade,whole,760,0,0
出场,折纸关闭,7588921870007946520,anim_7588921870007946520,rotate,whole,960,0,0
出场,抽出纸张,7551599705868832024,anim_7551599705868832024,fade,whole,760,0,0
出场,报纸拼贴,7449589619038884389,anim_7449589619038884389,fade,whole,760,0,0
出场,海报飘走,7579861213103033625,anim_7579861213103033625,slide,whole,820,0,0
出场,扫光出场,7634206628580953406,anim_7634206628580953406,glow,whole,1100,0,0
出场,手写云朵,7468589970832232997,anim_7468589970832232997,material,whole,1050,0,0
出场,网格消退,7550651205689543960,anim_7550651205689543960,fade,whole,760,0,0
出场,旋转下落,7633730925632720147,anim_7633730925632720147,rotate,whole,960,0,0
出场,卷纸收拢,7562882805303135550,anim_7562882805303135550,fade,whole,760,0,0
出场,回忆翻出,7584784988906900798,anim_7584784988906900798,rotate,whole,960,0,0
出场,电脑关屏,7610340361176763710,anim_7610340361176763710,fade,whole,760,0,0
出场,九宫格滑出,7564699528847215897,anim_7564699528847215897,slide,whole,820,0,0
出场,暖金消散,7645245356107730239,anim_7645245356107730239,fade,whole,760,0,0
出场,星尘塌缩,7647807590251973924,anim_7647807590251973924,fade,whole,760,0,0
出场,邮寄信封,7626412771726560536,anim_7626412771726560536,fade,whole,760,0,0
出场,下课,7641527203074985241,anim_7641527203074985241,fade,whole,760,0,0
出场,荧光爆闪,7347994415576650255,anim_7347994415576650255,glow,whole,1100,0,0
出场,高光扭曲,7647810036760186118,anim_7647810036760186118,fade,whole,760,0,0
出场,纸张飘出,7581678448519941438,anim_7581678448519941438,slide,whole,820,0,0
出场,砖块飞出,7569261005101010238,anim_7569261005101010238,slide,whole,820,0,0
出场,冰块,7413731112406487604,anim_7413731112406487604,fade,whole,760,0,0
出场,激光旋散,7647808670297754916,anim_7647808670297754916,rotate,whole,960,0,0
出场,撕开,7606180580861988158,anim_7606180580861988158,fade,whole,760,0,0
出场,飘散成雪,7603668360039075096,anim_7603668360039075096,slide,whole,820,0,0
出场,冲撞,7215555273501446716,anim_7215555273501446716,fade,whole,760,0,0
出场,卷轴闭卷,7569211577233067289,anim_7569211577233067289,fade,whole,760,0,0
出场,过爆消散,7647811442162339135,anim_7647811442162339135,fade,whole,760,0,0
出场,延迟翻出,7589472401487023384,anim_7589472401487023384,rotate,whole,960,0,0
出场,PASSION,7432237078710063643,anim_7432237078710063643,fade,whole,760,0,0
出场,圆形转出,7596967656348093720,anim_7596967656348093720,rotate,whole,960,0,0
出场,闪白滑出,7615083292370521406,anim_7615083292370521406,glow,whole,1100,0,0
出场,四方散开,7641153886782360851,anim_7641153886782360851,fade,whole,760,0,0
出场,模糊收缩,7647827696218639670,anim_7647827696218639670,blur,whole,900,0,0
出场,程序崩溃,7572182435245329688,anim_7572182435245329688,fade,whole,760,0,0
出场,金箔爆发,7645235221142457619,anim_7645235221142457619,fade,whole,760,0,0
出场,探灯聚焦,7435897594074632730,anim_7435897594074632730,blur,whole,900,0,0
出场,涟漪扩散,7647808981028670726,anim_7647808981028670726,material,whole,1050,0,0
出场,镜面拆分,7405495700961628683,anim_7405495700961628683,fade,whole,760,0,0
出场,分屏横移,7257879855063110205,anim_7257879855063110205,fade,whole,760,0,0
出场,色散波纹,7305961286762762790,anim_7305961286762762790,material,whole,1050,0,0
出场,三屏切闪,7434412782293881395,anim_7434412782293881395,glow,whole,1100,0,0
出场,曝光放射,7158753896624558628,anim_7158753896624558628,glow,whole,1100,0,0
出场,多屏缩小,7641154691421769023,anim_7641154691421769023,zoom,whole,880,0,0
出场,环屏旋出,7582472535976234265,anim_7582472535976234265,rotate,whole,960,0,0
循环,循环歌,7537219527583567166,anim_7537219527583567166,fade,whole,1400,0,1
入场,打字光标,7237411357514011192,anim_7237411357514011192,typewriter,chars,1200,42,0
入场,呐喊声波,7199943069385364005,anim_7199943069385364005,wave_shake,whole,760,0,0
入场,向上弹入,7123116334677758501,anim_7123116334677758501,bounce,whole,900,0,0
入场,打字机 I,6724920249654710791,anim_6724920249654710791,typewriter,chars,1200,42,0
入场,渐显,6724916044072227332,anim_6724916044072227332,fade,whole,760,0,0
入场,向左模糊,7112368349257929230,anim_7112368349257929230,blur,whole,900,0,0
入场,生长 II,7210312869282320933,anim_7210312869282320933,zoom,whole,880,0,0
入场,左滑入场,7649608820582403371,anim_7649608820582403371,slide,whole,820,0,0
入场,左滑渐显,7649610910620732678,anim_7649610910620732678,slide,whole,820,0,0
入场,打字机IV,7237409385092223525,anim_7237409385092223525,typewriter,chars,1200,42,0
入场,逐字显现2,7649611256521018660,anim_7649611256521018660,per_char,chars,980,42,0
入场,逐字旋入,7229520427196879421,anim_7229520427196879421,per_char,chars,980,42,0
入场,文字渐显,7649345579545300230,anim_7649345579545300230,fade,whole,760,0,0
入场,淡入文字,7649349911854468394,anim_7649349911854468394,fade,whole,760,0,0
入场,弹入,6887482184844710413,anim_6887482184844710413,bounce,whole,900,0,0
入场,弹入跳动,7184797276181631546,anim_7184797276181631546,bounce,whole,900,0,0
入场,放大震动,7267849370727354936,anim_7267849370727354936,zoom_shake,whole,920,0,0
入场,向右模糊 II,7254503374622560828,anim_7254503374622560828,blur,whole,900,0,0
入场,向右滑动,6724920136056181256,anim_6724920136056181256,slide,whole,820,0,0
入场,缩小 II,7041836555903701540,anim_7041836555903701540,zoom,whole,880,0,0
入场,重磅来袭,7598109111246458166,anim_7598109111246458166,fade,whole,760,0,0
入场,飞入,7029231035007111710,anim_7029231035007111710,slide,whole,820,0,0
入场,圆柱体滚动,7179035729043919397,anim_7179035729043919397,slide,whole,820,0,0
入场,开幕,6835571502050447879,anim_6835571502050447879,wipe,whole,960,0,0
入场,向左滑动,6763470195894784525,anim_6763470195894784525,slide,whole,820,0,0
入场,文字淡入,7649348859323272491,anim_7649348859323272491,fade,whole,760,0,0
入场,向上弹入,7644864061150170409,anim_7644864061150170409,bounce,whole,900,0,0
入场,上下跳跃,7646332180620250422,anim_7646332180620250422,bounce,whole,900,0,0
入场,放大,6724919499042066958,anim_6724919499042066958,zoom,whole,880,0,0
入场,水墨晕开,7278295995362841145,anim_7278295995362841145,material,whole,1050,0,0
入场,抖动甩入,7301945752278798885,anim_7301945752278798885,slide,whole,820,0,0
入场,辉光,7258179345192063525,anim_7258179345192063525,glow,whole,1100,0,0
入场,跃进,7220685840442200634,anim_7220685840442200634,fade,whole,760,0,0
入场,向左露出,7163514612690719269,anim_7163514612690719269,fade,whole,760,0,0
入场,收拢,6779879712261935619,anim_6779879712261935619,fade,whole,760,0,0
入场,顶出,7268221856618910264,anim_7268221856618910264,fade,whole,760,0,0
入场,金粉飘落,7330561002922054196,anim_7330561002922054196,slide,whole,820,0,0
入场,向下溶解,7426692611907374371,anim_7426692611907374371,fade,whole,760,0,0
入场,居中打字,7265222187286532667,anim_7265222187286532667,typewriter,chars,1200,42,0
入场,逐字显影,7038882772450021896,anim_7038882772450021896,per_char,chars,980,42,0
入场,冰雪飘动,7314291622525538843,anim_7314291622525538843,slide,whole,820,0,0
入场,光标打字,7547995673447173386,anim_7547995673447173386,typewriter,chars,1200,42,0
入场,滚入,7426685617498639616,anim_7426685617498639616,fade,whole,760,0,0
入场,甩出,7244102679851438650,anim_7244102679851438650,slide,whole,820,0,0
入场,波浪弹入,6917178744775905806,anim_6917178744775905806,bounce,whole,900,0,0
入场,波浪弹跳,7317536986691015218,anim_7317536986691015218,bounce,whole,900,0,0
入场,逐字颤动,7563556046032178458,anim_7563556046032178458,per_char,chars,980,42,0
入场,<打字机,7644899695126498603,anim_7644899695126498603,typewriter,chars,1200,42,0
入场,弹簧,6884154692398486023,anim_6884154692398486023,bounce,whole,900,0,0
入场,打字机 II,6724920636403094028,anim_6724920636403094028,typewriter,chars,1200,42,0
入场,弹入,7644899930351340842,anim_7644899930351340842,bounce,whole,900,0,0
入场,星光闪闪,7309036302962266675,anim_7309036302962266675,glow,whole,1100,0,0
入场,随机落下,7231443875406025275,anim_7231443875406025275,fade,whole,760,0,0
入场,左移弹动,7313890082040058406,anim_7313890082040058406,bounce,whole,900,0,0
入场,翻动,7308278898330964489,anim_7308278898330964489,rotate,whole,960,0,0
入场,激光雕刻,7244102612700631589,anim_7244102612700631589,fade,whole,760,0,0
入场,逐字弹跳,7197615431673188921,anim_7197615431673188921,per_char,chars,980,42,0
入场,碰碰车,7338602211041088027,anim_7338602211041088027,fade,whole,760,0,0
入场,溶解,6872642398095151629,anim_6872642398095151629,fade,whole,760,0,0
入场,复古打字机,7253888335163167291,anim_7253888335163167291,typewriter,chars,1200,42,0
入场,模糊滚动,7264501462187643450,anim_7264501462187643450,blur,whole,900,0,0
入场,星光流转,7548386061429345574,anim_7548386061429345574,rotate,whole,960,0,0
入场,旋转飞入,6775803763652301326,anim_6775803763652301326,rotate,whole,960,0,0
入场,右上弹入,7074854080388010532,anim_7074854080388010532,bounce,whole,900,0,0
入场,向右缓入,7043778124760224292,anim_7043778124760224292,fade,whole,760,0,0
入场,折叠,7125298122011447816,anim_7125298122011447816,rotate,whole,960,0,0
入场,透视滑入,7577609492850822463,anim_7577609492850822463,slide,whole,820,0,0
入场,电光,7296051582246851109,anim_7296051582246851109,fade,whole,760,0,0
入场,弹性伸缩,6872642189260755463,anim_6872642189260755463,bounce,whole,900,0,0
入场,左上弹入,7078586233030447629,anim_7078586233030447629,bounce,whole,900,0,0
入场,随机打字机,6926718978064650760,anim_6926718978064650760,typewriter,chars,1200,42,0
入场,故障,7073363357775958558,anim_7073363357775958558,glitch,whole,780,0,0
入场,随机上升,7233662263805088314,anim_7233662263805088314,fade,whole,760,0,0
入场,向上滑动,6763470111253729803,anim_6763470111253729803,slide,whole,820,0,0
入场,生长,6869302248103481869,anim_6869302248103481869,zoom,whole,880,0,0
入场,吸入,7120438380453696031,anim_7120438380453696031,fade,whole,760,0,0
入场,星星弹跳,7307189517562155547,anim_7307189517562155547,bounce,whole,900,0,0
入场,环绕滑入,7261858654561767973,anim_7261858654561767973,slide,whole,820,0,0
入场,扭曲模糊,7089261793406620197,anim_7089261793406620197,blur,whole,900,0,0
入场,向右集合,7081206983461704199,anim_7081206983461704199,fade,whole,760,0,0
入场,模糊缩小,7294147761765618186,anim_7294147761765618186,blur,whole,900,0,0
入场,慢速放大,7205177922280231479,anim_7205177922280231479,zoom,whole,880,0,0
入场,预览打字,7268152375536259639,anim_7268152375536259639,typewriter,chars,1200,42,0
入场,站起,7265288917279052344,anim_7265288917279052344,fade,whole,760,0,0
入场,晕开,7088531060341871141,anim_7088531060341871141,fade,whole,760,0,0
入场,发光模糊,7054482687297327630,anim_7054482687297327630,blur,whole,900,0,0
入场,背景滑入,7306794354255860250,anim_7306794354255860250,slide,whole,820,0,0
入场,旋转缩放,7243633588493619773,anim_7243633588493619773,rotate,whole,960,0,0
入场,向上露出,7163514358935327268,anim_7163514358935327268,fade,whole,760,0,0
入场,拖尾,7244102915239973432,anim_7244102915239973432,fade,whole,760,0,0
入场,金粉拉开,7647445314877623595,anim_7647445314877623595,slide,whole,820,0,0
入场,故障闪动,7244101806710592057,anim_7244101806710592057,glitch,whole,780,0,0
入场,爱心弹跳,6845191009861636616,anim_6845191009861636616,bounce,whole,900,0,0
入场,逐字翻转,7112241904216969765,anim_7112241904216969765,per_char,chars,980,42,0
入场,缩小,6724921217721045515,anim_6724921217721045515,zoom,whole,880,0,0
入场,脉冲光束,7532031334781390107,anim_7532031334781390107,fade,whole,760,0,0
入场,汇聚,7426691156135677224,anim_7426691156135677224,fade,whole,760,0,0
入场,雪光模糊,7314614905196253705,anim_7314614905196253705,blur,whole,900,0,0
入场,日出,6779084126457696776,anim_6779084126457696776,fade,whole,760,0,0
入场,向下飞入,7088942186561016356,anim_7088942186561016356,slide,whole,820,0,0
入场,模糊发光,7301535952101446170,anim_7301535952101446170,blur,whole,900,0,0
入场,青粒牵引,7647442111515741446,anim_7647442111515741446,fade,whole,760,0,0
入场,数字撕裂,7591385159539133739,anim_7591385159539133739,fade,whole,760,0,0
入场,向下滑动,6724921985282871816,anim_6724921985282871816,slide,whole,820,0,0
入场,蓝瓣划入,7647442470346788138,anim_7647442470346788138,fade,whole,760,0,0
入场,随机弹跳 II,7114189305781686797,anim_7114189305781686797,bounce,whole,900,0,0
入场,向上弹出,7526837424761163034,anim_7526837424761163034,bounce,whole,900,0,0
入场,便利贴,7307207886843679283,anim_7307207886843679283,fade,whole,760,0,0
入场,水平翻转,7051512227353858590,anim_7051512227353858590,rotate,whole,960,0,0
入场,向右露出,7163514730525495839,anim_7163514730525495839,fade,whole,760,0,0
入场,模糊入场2,7649607616137563398,anim_7649607616137563398,blur,whole,900,0,0
入场,故障抖动,7649347190267071807,anim_7649347190267071807,glitch,whole,780,0,0
入场,新年打字机,7272754730684650045,anim_7272754730684650045,typewriter,chars,1200,42,0
入场,故障打字机,6870061463243854350,anim_6870061463243854350,typewriter,chars,1200,42,0
入场,旋入,6763873859402732039,anim_6763873859402732039,rotate,whole,960,0,0
入场,缤纷冲屏,7116829842271638053,anim_7116829842271638053,fade,whole,760,0,0
入场,弹幕入场,7579093455083736374,anim_7579093455083736374,bounce,whole,900,0,0
入场,文字旋入,7598107928222092598,anim_7598107928222092598,rotate,whole,960,0,0
入场,羽化向左擦开,6897084292908716557,anim_6897084292908716557,fade,whole,760,0,0
入场,弹弓,6862897343176380942,anim_6862897343176380942,bounce,whole,900,0,0
入场,缩放 III,7211036012401660473,anim_7211036012401660473,zoom,whole,880,0,0
入场,空翻,6865175746420150792,anim_6865175746420150792,rotate,whole,960,0,0
入场,横掠焰光,7644886170391956799,anim_7644886170391956799,fade,whole,760,0,0
入场,羽化向右擦开,6897084405781631496,anim_6897084405781631496,fade,whole,760,0,0
入场,向下露出,7163514502128865823,anim_7163514502128865823,fade,whole,760,0,0
入场,喷绘,7120131223036367367,anim_7120131223036367367,fade,whole,760,0,0
入场,变形入场,7649350540693933354,anim_7649350540693933354,fade,whole,760,0,0
入场,流光扩散,7314566361642963493,anim_7314566361642963493,glow,whole,1100,0,0
入场,轻微放大,6763469998330483213,anim_6763469998330483213,zoom,whole,880,0,0
入场,模糊,6923094735116571150,anim_6923094735116571150,blur,whole,900,0,0
入场,二段缩放,7238519092997526074,anim_7238519092997526074,zoom,whole,880,0,0
入场,光波扩散,7644887196079508778,anim_7644887196079508778,fade,whole,760,0,0
入场,翻页II,7170343439832191519,anim_7170343439832191519,rotate,whole,960,0,0
入场,向上翻转,7194703971498332727,anim_7194703971498332727,rotate,whole,960,0,0
入场,向上重叠,7077500533040222756,anim_7077500533040222756,fade,whole,760,0,0
入场,金粉飘入,7644883044037446954,anim_7644883044037446954,slide,whole,820,0,0
入场,兔子跳跃,7540968058714688819,anim_7540968058714688819,bounce,whole,900,0,0
入场,电光 II,7299364098788037171,anim_7299364098788037171,fade,whole,760,0,0
入场,右下擦开,7088576340361744903,anim_7088576340361744903,fade,whole,760,0,0
入场,打字机 III,6724920521462387207,anim_6724920521462387207,typewriter,chars,1200,42,0
入场,音符弹跳,6841115718172283406,anim_6841115718172283406,bounce,whole,900,0,0
入场,心动瞬间,7332519885999706663,anim_7332519885999706663,fade,whole,760,0,0
入场,烟花爆破,7538330883162508570,anim_7538330883162508570,fade,whole,760,0,0
入场,闪动,7035902226602136071,anim_7035902226602136071,glow,whole,1100,0,0
入场,圆形扫描,6840689010034086407,anim_6840689010034086407,fade,whole,760,0,0
入场,波纹抖动,7649347736285744427,anim_7649347736285744427,wave_shake,whole,760,0,0
入场,弹性伸缩 II,7308272646913790490,anim_7308272646913790490,bounce,whole,900,0,0
入场,兔子弹跳,7187785892382118461,anim_7187785892382118461,bounce,whole,900,0,0
入场,向右擦除,6771288500240126478,anim_6771288500240126478,wipe,whole,960,0,0
入场,随机弹跳,7426685437122497827,anim_7426685437122497827,bounce,whole,900,0,0
入场,文字入场,7649610560803245375,anim_7649610560803245375,fade,whole,760,0,0
入场,字符归位,7649348571803684139,anim_7649348571803684139,fade,whole,760,0,0
入场,蝴蝶穿梭,7540970607614233906,anim_7540970607614233906,fade,whole,760,0,0
入场,滑动上升,7275687883011265083,anim_7275687883011265083,slide,whole,820,0,0
入场,逐字旋转,7111643562676064805,anim_7111643562676064805,per_char,chars,980,42,0
入场,闪烁集合,7267886380439573029,anim_7267886380439573029,glow,whole,1100,0,0
入场,光晕逐落,7649609779660197126,anim_7649609779660197126,fade,whole,760,0,0
入场,辉光扫描,7316878401590006323,anim_7316878401590006323,glow,whole,1100,0,0
入场,向下擦除,6774626192990409224,anim_6774626192990409224,wipe,whole,960,0,0
入场,烟火炸旋,7649611302968593718,anim_7649611302968593718,rotate,whole,960,0,0
入场,环绕消失,7647445685704330532,anim_7647445685704330532,fade,whole,760,0,0
入场,星光闪闪 II,7319873264375829001,anim_7319873264375829001,glow,whole,1100,0,0
入场,镂空跳入,7311620091060163082,anim_7311620091060163082,bounce,whole,900,0,0
入场,向上擦除,6774625910067827212,anim_6774625910067827212,wipe,whole,960,0,0
入场,冲屏位移,7078181271393800711,anim_7078181271393800711,fade,whole,760,0,0
入场,描边填充,7308269965453300262,anim_7308269965453300262,fade,whole,760,0,0
入场,乱码故障,7325648367747338802,anim_7325648367747338802,glitch,whole,780,0,0
入场,文字描边,7644861404075265286,anim_7644861404075265286,fade,whole,760,0,0
入场,光效聚合,7649608279999384875,anim_7649608279999384875,fade,whole,760,0,0
入场,卡拉OK,6771294855785091588,anim_6771294855785091588,fade,whole,760,0,0
入场,倒数,7314303157360661018,anim_7314303157360661018,fade,whole,760,0,0
入场,发光闪入,7308272157442707978,anim_7308272157442707978,glow,whole,1100,0,0
入场,螺旋上升,6799873891352187406,anim_6799873891352187406,rotate,whole,960,0,0
入场,逐字显现,7649606528764235049,anim_7649606528764235049,per_char,chars,980,42,0
入场,向左擦除,6774626830038077960,anim_6774626830038077960,wipe,whole,960,0,0
入场,随机集合,7223959789175312954,anim_7223959789175312954,fade,whole,760,0,0
入场,嘻哈之王,7577607541652344083,anim_7577607541652344083,fade,whole,760,0,0
入场,逐行拉伸,7644900726191279403,anim_7644900726191279403,bounce,whole,900,0,0
入场,多影分身,7646323232479431942,anim_7646323232479431942,fade,whole,760,0,0
入场,彩色映射,7039655272222036516,anim_7039655272222036516,fade,whole,760,0,0
入场,跳跳糖,7329815894933115432,anim_7329815894933115432,bounce,whole,900,0,0
入场,粒子汇聚,7504922014591765799,anim_7504922014591765799,material,whole,1050,0,0
入场,金辉交织,7571804707077819686,anim_7571804707077819686,fade,whole,760,0,0
入场,随机飞入,6872642542765085191,anim_6872642542765085191,slide,whole,820,0,0
入场,变色输入,7397306443147252233,anim_7397306443147252233,fade,whole,760,0,0
入场,色散拖影,7340513927651922458,anim_7340513927651922458,blur,whole,900,0,0
入场,鼠标点击,7350128013637325353,anim_7350128013637325353,fade,whole,760,0,0
入场,科技重组,7591387991982017834,anim_7591387991982017834,fade,whole,760,0,0
入场,变形抖动,7649346628196846889,anim_7649346628196846889,wave_shake,whole,760,0,0
入场,叠影并入,7259634012774208059,anim_7259634012774208059,fade,whole,760,0,0
入场,烟花绽放,7591386992278015238,anim_7591386992278015238,fade,whole,760,0,0
入场,礼花粒子,7548385953153305894,anim_7548385953153305894,material,whole,1050,0,0
入场,焰尘上浮,7644884166827347206,anim_7644884166827347206,fade,whole,760,0,0
入场,彩虹渐变,7538326518154530057,anim_7538326518154530057,fade,whole,760,0,0
入场,蓝芒瞬烁,7644887612578221366,anim_7644887612578221366,fade,whole,760,0,0
入场,喜庆开场,7582867276718673215,anim_7582867276718673215,fade,whole,760,0,0
入场,风扇旋转,7538326933243841843,anim_7538326933243841843,rotate,whole,960,0,0
入场,焰火发射,7644865023902338358,anim_7644865023902338358,fade,whole,760,0,0
入场,旋转归位,7646331537545317651,anim_7646331537545317651,rotate,whole,960,0,0
入场,跳跳捣蛋鬼,7200340219109839419,anim_7200340219109839419,bounce,whole,900,0,0
出场,吸出,7121986743141667358,anim_7121986743141667358,fade,whole,760,0,0
出场,消散,7155790075794559525,anim_7155790075794559525,fade,whole,760,0,0
出场,向左模糊 II,7254503584732025381,anim_7254503584732025381,blur,whole,900,0,0
出场,向左滑动,6763873602476446221,anim_6763873602476446221,slide,whole,820,0,0
出场,文字淡出,7649346133369556243,anim_7649346133369556243,fade,whole,760,0,0
出场,炸开,7142816577971294734,anim_7142816577971294734,fade,whole,760,0,0
出场,向下弹出,7127158940151845390,anim_7127158940151845390,bounce,whole,900,0,0
出场,撕裂分割,7589597953845759268,anim_7589597953845759268,fade,whole,760,0,0
出场,渐隐,6724919382104871427,anim_6724919382104871427,fade,whole,760,0,0
出场,向上滑动,6763873533115240968,anim_6763873533115240968,slide,whole,820,0,0
出场,顶出,7268231069768356408,anim_7268231069768356408,fade,whole,760,0,0
出场,向左模糊,7112703727336690189,anim_7112703727336690189,blur,whole,900,0,0
出场,收缩震动,7268214314022998588,anim_7268214314022998588,zoom,whole,880,0,0
出场,生长,6869302139584254477,anim_6869302139584254477,zoom,whole,880,0,0
出场,旋出,6763873732143354376,anim_6763873732143354376,rotate,whole,960,0,0
出场,滚出,7023684709737566728,anim_7023684709737566728,fade,whole,760,0,0
出场,向下翻转,7198395913948107301,anim_7198395913948107301,rotate,whole,960,0,0
出场,甩回,7244102747698500156,anim_7244102747698500156,slide,whole,820,0,0
出场,溶解,6872642354898014728,anim_6872642354898014728,fade,whole,760,0,0
出场,闭幕,6834511218552607239,anim_6834511218552607239,wipe,whole,960,0,0
出场,粒子消散,7504221924973645110,anim_7504221924973645110,material,whole,1050,0,0
出场,逐字消失,7644890397088484644,anim_7644890397088484644,per_char,chars,980,42,0
出场,故障,7091567288385540622,anim_7091567288385540622,glitch,whole,780,0,0
出场,波浪弹出,6917178803521327630,anim_6917178803521327630,bounce,whole,900,0,0
出场,向右滑动,6724920744431587853,anim_6724920744431587853,slide,whole,820,0,0
出场,折叠,7124961998919438884,anim_7124961998919438884,rotate,whole,960,0,0
出场,碎屑炸裂,7598110679530245417,anim_7598110679530245417,fade,whole,760,0,0
出场,旋转飞出,6775804032318444045,anim_6775804032318444045,rotate,whole,960,0,0
出场,弹出,6887482090351235592,anim_6887482090351235592,bounce,whole,900,0,0
出场,文字消散,7649351655669927174,anim_7649351655669927174,fade,whole,760,0,0
出场,横向分割,7563555749822090522,anim_7563555749822090522,fade,whole,760,0,0
出场,故障闪动,7244102414377161276,anim_7244102414377161276,glitch,whole,780,0,0
出场,文字爆炸,7574330194018700607,anim_7574330194018700607,fade,whole,760,0,0
出场,模糊,6923094772907250189,anim_6923094772907250189,blur,whole,900,0,0
出场,亮度渐变,7649352203458628905,anim_7649352203458628905,fade,whole,760,0,0
出场,模糊发光,7301536173959156274,anim_7301536173959156274,blur,whole,900,0,0
出场,像素辉光,7538328202893167923,anim_7538328202893167923,glow,whole,1100,0,0
出场,环绕滑出,7261858590808347193,anim_7261858590808347193,slide,whole,820,0,0
出场,拖尾,7244102819731477049,anim_7244102819731477049,fade,whole,760,0,0
出场,放大 II,7042278078415901192,anim_7042278078415901192,zoom,whole,880,0,0
出场,喷绘,7120131305303446029,anim_7120131305303446029,fade,whole,760,0,0
出场,逐字虚影,7034717113130422791,anim_7034717113130422791,per_char,chars,980,42,0
出场,空翻,6865176065514410503,anim_6865176065514410503,rotate,whole,960,0,0
出场,弹弓,6862897350478664200,anim_6862897350478664200,bounce,whole,900,0,0
出场,扭曲模糊,7090122015603954189,anim_7090122015603954189,blur,whole,900,0,0
出场,波浪弹跳,7317637880799564297,anim_7317637880799564297,bounce,whole,900,0,0
出场,炸开 II,7148309755121898015,anim_7148309755121898015,fade,whole,760,0,0
出场,二段缩放,7238519014866031162,anim_7238519014866031162,zoom,whole,880,0,0
出场,模糊消失,7649350228163710271,anim_7649350228163710271,blur,whole,900,0,0
出场,缩小,6724921351385125387,anim_6724921351385125387,zoom,whole,880,0,0
出场,流泪坠落,7579088625967566134,anim_7579088625967566134,fade,whole,760,0,0
出场,向上飞出,7090139631861109278,anim_7090139631861109278,slide,whole,820,0,0
出场,粒子碎落,7532474130986241331,anim_7532474130986241331,material,whole,1050,0,0
出场,左上弹出,7078587337998864926,anim_7078587337998864926,bounce,whole,900,0,0
出场,水墨晕开,7278296130432012857,anim_7278296130432012857,material,whole,1050,0,0
出场,弹出跳动,7184797189627974200,anim_7184797189627974200,bounce,whole,900,0,0
出场,弹性伸缩 II,7308276711039177225,anim_7308276711039177225,bounce,whole,900,0,0
出场,星点消散,7566974100141264155,anim_7566974100141264155,fade,whole,760,0,0
出场,破碎消散,7649607033666211135,anim_7649607033666211135,fade,whole,760,0,0
出场,羽化向右擦除,6897085341811872270,anim_6897085341811872270,wipe,whole,960,0,0
出场,模糊滚动,7264501549240422949,anim_7264501549240422949,blur,whole,900,0,0
出场,打字光标,7237411511755346491,anim_7237411511755346491,typewriter,chars,1200,42,0
出场,闪烁散开,7268169968204649020,anim_7268169968204649020,glow,whole,1100,0,0
出场,放大,6724919767200698884,anim_6724919767200698884,zoom,whole,880,0,0
出场,向上溶解,7426691632168324367,anim_7426691632168324367,fade,whole,760,0,0
出场,立体翻书,7526837871102283018,anim_7526837871102283018,rotate,whole,960,0,0
出场,逐字旋出,7229520513586958908,anim_7229520513586958908,per_char,chars,980,42,0
出场,旋转缩放,7243633648237285949,anim_7243633648237285949,rotate,whole,960,0,0
出场,翻动,7308279288061497865,anim_7308279288061497865,rotate,whole,960,0,0
出场,弹性伸缩,6872642084977775118,anim_6872642084977775118,bounce,whole,900,0,0
出场,随机弹跳 II,7114191629346411016,anim_7114191629346411016,bounce,whole,900,0,0
出场,打字机IV,7237411448303915557,anim_7237411448303915557,typewriter,chars,1200,42,0
出场,稻草人收割,7540969013073939750,anim_7540969013073939750,fade,whole,760,0,0
出场,躺下,7265288999470633509,anim_7265288999470633509,fade,whole,760,0,0
出场,弹簧,6884154487246688776,anim_6884154487246688776,bounce,whole,900,0,0
出场,扭曲消散,7526840044951309594,anim_7526840044951309594,fade,whole,760,0,0
出场,叠影并出,7259634082760364603,anim_7259634082760364603,fade,whole,760,0,0
出场,发光闪出,7308275717505028617,anim_7308275717505028617,glow,whole,1100,0,0
出场,模糊消失2,7649610294439726342,anim_7649610294439726342,blur,whole,900,0,0
出场,扭曲淡出,7649349110176206123,anim_7649349110176206123,fade,whole,760,0,0
出场,逐字旋转,7112021029085516319,anim_7112021029085516319,per_char,chars,980,42,0
出场,爱心飘散,7540971343894891822,anim_7540971343894891822,slide,whole,820,0,0
出场,数字像素,7591385474367884607,anim_7591385474367884607,fade,whole,760,0,0
出场,展开,6779879836916650509,anim_6779879836916650509,fade,whole,760,0,0
出场,左移弹动,7313890212529050138,anim_7313890212529050138,bounce,whole,900,0,0
出场,炸开 Ⅲ,7308274161992864266,anim_7308274161992864266,fade,whole,760,0,0
出场,预览打字,7268216065337856572,anim_7268216065337856572,typewriter,chars,1200,42,0
出场,飞出,7029522072724312612,anim_7029522072724312612,slide,whole,820,0,0
出场,右上弹出,7076006676951732767,anim_7076006676951732767,bounce,whole,900,0,0
出场,日落,6779084194392838670,anim_6779084194392838670,fade,whole,760,0,0
出场,激光雕刻,7244102529573720635,anim_7244102529573720635,fade,whole,760,0,0
出场,镂空跳出,7312331703903588902,anim_7312331703903588902,bounce,whole,900,0,0
出场,随机打字机,6926719087158497806,anim_6926719087158497806,typewriter,chars,1200,42,0
出场,向右缓出,7426681148547386624,anim_7426681148547386624,fade,whole,760,0,0
出场,羽化向左擦除,6897085246206906893,anim_6897085246206906893,wipe,whole,960,0,0
出场,逐字翻转,7112274846326723086,anim_7112274846326723086,per_char,chars,980,42,0
出场,螺旋下降,6799874105710481927,anim_6799874105710481927,rotate,whole,960,0,0
出场,描边填充,7308273254127374874,anim_7308273254127374874,fade,whole,760,0,0
出场,向下滑动,6724919284893487619,anim_6724919284893487619,slide,whole,820,0,0
出场,打字机 I,6763469696260903435,anim_6763469696260903435,typewriter,chars,1200,42,0
出场,红色灰尘,7538327447897541915,anim_7538327447897541915,fade,whole,760,0,0
出场,小猫吞字,7540967743827332361,anim_7540967743827332361,fade,whole,760,0,0
出场,光标滑出,7644863543879273770,anim_7644863543879273770,typewriter,chars,1200,42,0
出场,向左解散,7083752251742753287,anim_7083752251742753287,fade,whole,760,0,0
出场,右移淡出,7649346444947688746,anim_7649346444947688746,fade,whole,760,0,0
出场,复古打字机,7252619798108967484,anim_7252619798108967484,typewriter,chars,1200,42,0
出场,向右擦除,6783908820176343566,anim_6783908820176343566,wipe,whole,960,0,0
出场,破碎消失,7649604657429466411,anim_7649604657429466411,fade,whole,760,0,0
出场,水平翻转,7052633346936934942,anim_7052633346936934942,rotate,whole,960,0,0
出场,向上擦除,6774625752794010115,anim_6774625752794010115,wipe,whole,960,0,0
出场,缓慢消失,7646333981973056787,anim_7646333981973056787,fade,whole,760,0,0
出场,滑动下落,7270726693277405733,anim_7270726693277405733,slide,whole,820,0,0
出场,轻微放大,6763469915518145032,anim_6763469915518145032,zoom,whole,880,0,0
出场,随机弹跳,7026617357300666893,anim_7026617357300666893,bounce,whole,900,0,0
出场,故障打字机,6870061326698287624,anim_6870061326698287624,typewriter,chars,1200,42,0
出场,打字机 II,6763469767555682823,anim_6763469767555682823,typewriter,chars,1200,42,0
出场,发光模糊,7057801223109349925,anim_7057801223109349925,blur,whole,900,0,0
出场,右下擦除,7090146831836910110,anim_7090146831836910110,wipe,whole,960,0,0
出场,晕开,7090059095134179877,anim_7090059095134179877,fade,whole,760,0,0
出场,圆形扫描,6840698265277567496,anim_6840698265277567496,fade,whole,760,0,0
出场,向左擦除,6774626748177846791,anim_6774626748177846791,wipe,whole,960,0,0
出场,向下擦除,6774626081791021576,anim_6774626081791021576,wipe,whole,960,0,0
出场,随机飞出,6872642497013617159,anim_6872642497013617159,slide,whole,820,0,0
出场,闪动,7039245189638001183,anim_7039245189638001183,glow,whole,1100,0,0
出场,四周消散,7646333706415672617,anim_7646333706415672617,fade,whole,760,0,0
出场,居中打字,7265222263174074937,anim_7265222263174074937,typewriter,chars,1200,42,0
出场,打字机 III,6763469838368117256,anim_6763469838368117256,typewriter,chars,1200,42,0
循环,颤抖 II,6986920909927879199,anim_6986920909927879199,wave_shake,whole,1400,0,1
循环,扭动,7123093247672455711,anim_7123093247672455711,fade,whole,1400,0,1
循环,文字泛光,7124226995231134239,anim_7124226995231134239,glow,whole,1400,0,1
循环,轻微跳动,6884155832838132231,anim_6884155832838132231,bounce,whole,1400,0,1
循环,上弧,7075224569421763079,anim_7075224569421763079,fade,whole,1400,0,1
循环,投影颤抖,7070332284934558245,anim_7070332284934558245,wave_shake,whole,1400,0,1
循环,波浪 II,7067046171381862919,anim_7067046171381862919,wave_shake,whole,1400,0,1
循环,逐字放大,6908592686781960717,anim_6908592686781960717,per_char,chars,1400,42,1
循环,颤抖 III,7070036604429013535,anim_7070036604429013535,wave_shake,whole,1400,0,1
循环,扫光,7051843475892867598,anim_7051843475892867598,glow,whole,1400,0,1
循环,调皮,6917143282690560526,anim_6917143282690560526,fade,whole,1400,0,1
循环,飘起,7211060597352305189,anim_7211060597352305189,slide,whole,1400,0,1
循环,情绪加载,7130142075995034119,anim_7130142075995034119,fade,whole,1400,0,1
循环,闪色循环,7649608408835837238,anim_7649608408835837238,glow,whole,1400,0,1
循环,晃动,6790246693674684942,anim_6790246693674684942,wave_shake,whole,1400,0,1
循环,竖向渐变,7430669972088558090,anim_7430669972088558090,fade,whole,1400,0,1
循环,波浪,6724927688047333891,anim_6724927688047333891,wave_shake,whole,1400,0,1
循环,心跳,6724919955654971918,anim_6724919955654971918,bounce,whole,1400,0,1
循环,弹幕滚动,6790247082155315719,anim_6790247082155315719,bounce,whole,1400,0,1
循环,颤抖,6764189482871689742,anim_6764189482871689742,wave_shake,whole,1400,0,1
循环,喷涌,7134190113780666887,anim_7134190113780666887,fade,whole,1400,0,1
循环,涂鸦手绘,7276407256965452346,anim_7276407256965452346,fade,whole,1400,0,1
循环,放大镜,7272339163142165050,anim_7272339163142165050,zoom,whole,1400,0,1
循环,投影颤抖 III,7070332473481105933,anim_7070332473481105933,wave_shake,whole,1400,0,1
循环,投影颤抖 II,7070332370963927559,anim_7070332370963927559,wave_shake,whole,1400,0,1
循环,弹幕,7107592133472686606,anim_7107592133472686606,bounce,whole,1400,0,1
循环,拉开,7223675733606928957,anim_7223675733606928957,slide,whole,1400,0,1
循环,波浪 III,7067812686557352456,anim_7067812686557352456,wave_shake,whole,1400,0,1
循环,爆闪,7308279705252139530,anim_7308279705252139530,glow,whole,1400,0,1
循环,超强晃动 II,7069965879437431303,anim_7069965879437431303,wave_shake,whole,1400,0,1
循环,心跳,7210283971316290085,anim_7210283971316290085,bounce,whole,1400,0,1
循环,悸动,7229526981807706680,anim_7229526981807706680,bounce,whole,1400,0,1
循环,环形滚动,7179135028343870012,anim_7179135028343870012,slide,whole,1400,0,1
循环,闪烁,6724921437930394120,anim_6724921437930394120,glow,whole,1400,0,1
循环,超强波浪,6857036499389518349,anim_6857036499389518349,wave_shake,whole,1400,0,1
循环,涂鸦手绘 II,7276407576625943100,anim_7276407576625943100,fade,whole,1400,0,1
循环,歌词滚轮,7598107949923388714,anim_7598107949923388714,fade,whole,1400,0,1
循环,空间翻转 I,7163896186972148261,anim_7163896186972148261,rotate,whole,1400,0,1
循环,吹泡泡,7045155566003425823,anim_7045155566003425823,fade,whole,1400,0,1
循环,故障闪动,6857714281136263687,anim_6857714281136263687,glitch,whole,1400,0,1
循环,抖动故障,7283103017526628921,anim_7283103017526628921,glitch,whole,1400,0,1
循环,声波震动,7239526343833031223,anim_7239526343833031223,wave_shake,whole,1400,0,1
循环,拉住,7221747595884892731,anim_7221747595884892731,fade,whole,1400,0,1
循环,超强晃动,7065208406633615909,anim_7065208406633615909,wave_shake,whole,1400,0,1
循环,刷屏,7308280358691148315,anim_7308280358691148315,fade,whole,1400,0,1
循环,字幕滚动,6790246884683289102,anim_6790246884683289102,bounce,whole,1400,0,1
循环,喷绘,7110160318529016350,anim_7110160318529016350,fade,whole,1400,0,1
循环,空间抖动,7577606300218051881,anim_7577606300218051881,wave_shake,whole,1400,0,1
循环,超强波浪 II,7065219379687854623,anim_7065219379687854623,wave_shake,whole,1400,0,1
循环,频闪边框,7308280718302384690,anim_7308280718302384690,glow,whole,1400,0,1
循环,错位跳跃,7646332752513486134,anim_7646332752513486134,bounce,whole,1400,0,1
循环,流光,7181754919827804728,anim_7181754919827804728,glow,whole,1400,0,1
循环,放大缩小,7224077152587616805,anim_7224077152587616805,zoom,whole,1400,0,1
循环,环绕,6980916124976157220,anim_6980916124976157220,fade,whole,1400,0,1
循环,色差故障,6835878163575214605,anim_6835878163575214605,glitch,whole,1400,0,1
循环,错位,7243633488249754173,anim_7243633488249754173,glitch,whole,1400,0,1
循环,强调三遍,7129767866894651917,anim_7129767866894651917,fade,whole,1400,0,1
循环,向左挤压,7646346363407551763,anim_7646346363407551763,zoom,whole,1400,0,1
循环,摇荡,6840710593289130503,anim_6840710593289130503,wave_shake,whole,1400,0,1
循环,发光模糊多行,7397688001356108339,anim_7397688001356108339,blur,whole,1400,0,1
循环,动物城彩蛋,7582865248479104310,anim_7582865248479104310,fade,whole,1400,0,1
循环,急了,7134634461588623909,anim_7134634461588623909,fade,whole,1400,0,1
循环,随机弹跳,7045150354672980516,anim_7045150354672980516,bounce,whole,1400,0,1
循环,呐喊,7426688167740214562,anim_7426688167740214562,wave_shake,whole,1400,0,1
循环,吹泡泡 II,7052257626897256968,anim_7052257626897256968,fade,whole,1400,0,1
循环,扩音器,7277870806552547895,anim_7277870806552547895,fade,whole,1400,0,1
循环,弹幕 II,7096375845773644318,anim_7096375845773644318,bounce,whole,1400,0,1
循环,流光,7308277700492268042,anim_7308277700492268042,glow,whole,1400,0,1
循环,摇摆,6724920869363126795,anim_6724920869363126795,wave_shake,whole,1400,0,1
循环,跳动,6724920002958332420,anim_6724920002958332420,bounce,whole,1400,0,1
入场,排队入场,7225496399817740855,anim_7225496399817740855,fade,whole,760,0,0
循环,摇摆 I,6908281696253121038,anim_6908281696253121038,wave_shake,whole,1400,0,1
循环,圆形涂鸦,7276420462131810874,anim_7276420462131810874,fade,whole,1400,0,1
循环,翻转,6763897586328801805,anim_6763897586328801805,rotate,whole,1400,0,1
循环,故障波纹,7649609301505363263,anim_7649609301505363263,glitch,whole,1400,0,1
循环,空间翻转 II,7163901901589713444,anim_7163901901589713444,rotate,whole,1400,0,1
循环,亮度渐变2,7649601485352832319,anim_7649601485352832319,fade,whole,1400,0,1
循环,福袋炸开,7426692250530286883,anim_7426692250530286883,fade,whole,1400,0,1
循环,旋转,6763900973946507784,anim_6763900973946507784,rotate,whole,1400,0,1
循环,描边粉笔,7399879712140431883,anim_7399879712140431883,fade,whole,1400,0,1
循环,变色弹跳,7522411659407789353,anim_7522411659407789353,bounce,whole,1400,0,1
循环,渐变拖尾,7308277117622424090,anim_7308277117622424090,fade,whole,1400,0,1
循环,火焰燃烧,7591387530293972265,anim_7591387530293972265,material,whole,1400,0,1
循环,拼贴纹理,7399983060806013479,anim_7399983060806013479,fade,whole,1400,0,1
循环,钟摆,6724921579517514248,anim_6724921579517514248,rotate,whole,1400,0,1
循环,环绕 II,7114181846086193701,anim_7114181846086193701,fade,whole,1400,0,1
循环,尾巴摇摆,7212897307782550053,anim_7212897307782550053,wave_shake,whole,1400,0,1
循环,翻页I,7168819879183651359,anim_7168819879183651359,rotate,whole,1400,0,1
循环,字体变换,7402185694732358170,anim_7402185694732358170,fade,whole,1400,0,1
循环,彩虹-马卡龙,6921528300573561358,anim_6921528300573561358,fade,whole,1400,0,1
循环,波浪挤压,7598108679245679891,anim_7598108679245679891,zoom,whole,1400,0,1
循环,漩涡,7099419657290912286,anim_7099419657290912286,fade,whole,1400,0,1
循环,甜甜圈,7070415354656199181,anim_7070415354656199181,fade,whole,1400,0,1
循环,复古涂鸦,7400234025392017956,anim_7400234025392017956,fade,whole,1400,0,1
循环,折叠,7064823078542381581,anim_7064823078542381581,rotate,whole,1400,0,1
循环,彩色切换,7303430211519910451,anim_7303430211519910451,fade,whole,1400,0,1
循环,空间翻转 III,7163892769176424991,anim_7163892769176424991,rotate,whole,1400,0,1
循环,超导体循环,7571804503989570842,anim_7571804503989570842,fade,whole,1400,0,1
循环,彩虹,6908592625406710280,anim_6908592625406710280,fade,whole,1400,0,1
循环,雨刷,6799874389669057037,anim_6799874389669057037,wipe,whole,1400,0,1
循环,漂浮,7213291988500615738,anim_7213291988500615738,fade,whole,1400,0,1
循环,灯光弹跳,7577611791023279379,anim_7577611791023279379,bounce,whole,1400,0,1
循环,文字拉链,7582863369754004755,anim_7582863369754004755,fade,whole,1400,0,1
循环,VHS,7399879467457319463,anim_7399879467457319463,glitch,whole,1400,0,1
循环,彩虹-情人节,6916820108211917325,anim_6916820108211917325,fade,whole,1400,0,1
循环,故障电视机,7579092207777500479,anim_7579092207777500479,glitch,whole,1400,0,1
循环,彩色火焰,7308278472541999654,anim_7308278472541999654,material,whole,1400,0,1
循环,文字淡变,7649605389268405567,anim_7649605389268405567,fade,whole,1400,0,1
循环,蓝黄滑动,7398492769628459539,anim_7398492769628459539,slide,whole,1400,0,1
循环,彩虹-新年,6916820045519655432,anim_6916820045519655432,fade,whole,1400,0,1
循环,影像叠加,7193989785319379515,anim_7193989785319379515,fade,whole,1400,0,1
循环,心动频率,7598109780401474852,anim_7598109780401474852,fade,whole,1400,0,1
循环,新_色彩循环,7482800101329685785,anim_7482800101329685785,fade,whole,1400,0,1
出场,圣诞-逐字出场字幕,7444935808613731647,anim_7444935808613731647,per_char,chars,980,42,0
出场,弹簧,7426693885591702824,anim_7426693885591702824,bounce,whole,900,0,0
出场,向右滑动,7426682630525029672,anim_7426682630525029672,slide,whole,820,0,0
出场,向左滑动,7426683433725775138,anim_7426683433725775138,slide,whole,820,0,0
出场,向下滑动,7426682637235784960,anim_7426682637235784960,slide,whole,820,0,0
出场,向上滑动,7426687154669112576,anim_7426687154669112576,slide,whole,820,0,0
出场,旋出,7426680921920752948,anim_7426680921920752948,rotate,whole,960,0,0
出场,放大,7426682473829961012,anim_7426682473829961012,zoom,whole,880,0,0
出场,缩小,7426684777706720512,anim_7426684777706720512,zoom,whole,880,0,0
出场,轻微放大,7426693091752447247,anim_7426693091752447247,zoom,whole,880,0,0
出场,渐隐,7426691527147146536,anim_7426691527147146536,fade,whole,760,0,0
循环,轻微跳动,7426689852218920226,anim_7426689852218920226,bounce,whole,1400,0,1
循环,雨刷,6800304883468603911,anim_6800304883468603911,wipe,whole,1400,0,1
循环,字幕滚动,7426683728044264756,anim_7426683728044264756,bounce,whole,1400,0,1
循环,弹幕滚动,7426685291160784168,anim_7426685291160784168,bounce,whole,1400,0,1
循环,钟摆,7426680473088265507,anim_7426680473088265507,rotate,whole,1400,0,1
循环,摇摆,7426682062582680867,anim_7426682062582680867,wave_shake,whole,1400,0,1
循环,闪烁,7426691138016382243,anim_7426691138016382243,glow,whole,1400,0,1
循环,心跳,7426681942680079631,anim_7426681942680079631,bounce,whole,1400,0,1
循环,跳动,7426683843064630543,anim_7426683843064630543,bounce,whole,1400,0,1
循环,翻转,7426690610473471266,anim_7426690610473471266,rotate,whole,1400,0,1
循环,旋转,7426691126507162880,anim_7426691126507162880,rotate,whole,1400,0,1
循环,颤抖,7426974716004470031,anim_7426974716004470031,wave_shake,whole,1400,0,1
入场,向右滑动,7426691747398307106,anim_7426691747398307106,slide,whole,820,0,0
入场,弹入,7426687310445546786,anim_7426687310445546786,bounce,whole,900,0,0
入场,弹簧,7426681404529986831,anim_7426681404529986831,bounce,whole,900,0,0
入场,向左滑动,7426693740120657192,anim_7426693740120657192,slide,whole,820,0,0
入场,向下滑动,7426686289543515392,anim_7426686289543515392,slide,whole,820,0,0
入场,向上滑动,7426687597595938048,anim_7426687597595938048,slide,whole,820,0,0
入场,旋入,7426692387486829876,anim_7426692387486829876,rotate,whole,960,0,0
入场,放大,7426681066964012328,anim_7426681066964012328,zoom,whole,880,0,0
入场,缩小,7426680815414709519,anim_7426680815414709519,zoom,whole,880,0,0
入场,轻微放大,7426689558625930511,anim_7426689558625930511,zoom,whole,880,0,0
入场,渐显,7426684759327165731,anim_7426684759327165731,fade,whole,760,0,0
入场,祥云开瑞,7603676453242391833,anim_7603676453242391833,fade,whole,760,0,0
入场,2026开场,7584344798853811480,anim_7584344798853811480,fade,whole,760,0,0
入场,开始游戏,7573649443149401368,anim_7573649443149401368,fade,whole,760,0,0
入场,模糊曝光,7645245942760869126,anim_7645245942760869126,blur,whole,900,0,0
入场,向左弹入,7593261441302416683,anim_7593261441302416683,bounce,whole,900,0,0
入场,震波 II,7211042099737662009,anim_7211042099737662009,wave_shake,whole,760,0,0
入场,樱花飘落,7623350406940232986,anim_7623350406940232986,slide,whole,820,0,0
入场,圣诞开幕,7585461432037346585,anim_7585461432037346585,wipe,whole,960,0,0
入场,弹跳放大,7603296002908359942,anim_7603296002908359942,bounce,whole,900,0,0
入场,时间倒计时,7448898555617481242,anim_7448898555617481242,fade,whole,760,0,0
入场,拉丝滑入,7112725640901562887,anim_7112725640901562887,slide,whole,820,0,0
入场,打开书籍,7573606082162035992,anim_7573606082162035992,fade,whole,760,0,0
入场,冲撞,7215530662986519096,anim_7215530662986519096,fade,whole,760,0,0
入场,向上闪入,7273389803532456504,anim_7273389803532456504,glow,whole,1100,0,0
入场,信封,7475621358987136275,anim_7475621358987136275,fade,whole,760,0,0
入场,在路上,7634015321052941604,anim_7634015321052941604,fade,whole,760,0,0
入场,能量立方,7359472053998588425,anim_7359472053998588425,fade,whole,760,0,0
入场,金光石门,7623348756129352987,anim_7623348756129352987,fade,whole,760,0,0
入场,卷轴开卷,7569229812993412376,anim_7569229812993412376,fade,whole,760,0,0
入场,向左翻开,7603294299920305444,anim_7603294299920305444,rotate,whole,960,0,0
入场,九宫格,7434746460186350090,anim_7434746460186350090,fade,whole,760,0,0
入场,插图展开,7625908947291082034,anim_7625908947291082034,fade,whole,760,0,0
入场,LED倒计时,7580736991269014846,anim_7580736991269014846,fade,whole,760,0,0
入场,滚动点击,7551085667196079384,anim_7551085667196079384,slide,whole,820,0,0
入场,拉开春序,7621901198144245017,anim_7621901198144245017,slide,whole,820,0,0
入场,向下甩动,7338320641306661410,anim_7338320641306661410,slide,whole,820,0,0
入场,流金,7322367212142989850,anim_7322367212142989850,fade,whole,760,0,0
入场,扇形展开,7633732235207724331,anim_7633732235207724331,fade,whole,760,0,0
入场,多层环形,7329444938960081460,anim_7329444938960081460,fade,whole,760,0,0
入场,快速翻页,7296381392340914715,anim_7296381392340914715,rotate,whole,960,0,0
入场,刮刮乐,7633753269327662398,anim_7633753269327662398,fade,whole,760,0,0
入场,纸张展开III,7578780110870990105,anim_7578780110870990105,fade,whole,760,0,0
入场,三屏切闪,7434412782289687066,anim_7434412782289687066,glow,whole,1100,0,0
入场,交叉震动,7222990639984546360,anim_7222990639984546360,wave_shake,whole,760,0,0
入场,黑白画中画,7436273288608764442,anim_7436273288608764442,fade,whole,760,0,0
入场,照片入场,7509110211395931416,anim_7509110211395931416,fade,whole,760,0,0
入场,2026滚动,7572090975095606552,anim_7572090975095606552,slide,whole,820,0,0
入场,彩球倒计时,7576953191850396953,anim_7576953191850396953,fade,whole,760,0,0
入场,螺旋入场,7635684765890383128,anim_7635684765890383128,rotate,whole,960,0,0
入场,礼物拆盒,7602929179234929945,anim_7602929179234929945,fade,whole,760,0,0
入场,九宫格拼接,7564704718640123160,anim_7564704718640123160,fade,whole,760,0,0
入场,相片堆叠,7631882916947119402,anim_7631882916947119402,fade,whole,760,0,0
入场,鼠标拖入,7633819552584994110,anim_7633819552584994110,fade,whole,760,0,0
入场,空间扭曲,7298688232294715931,anim_7298688232294715931,fade,whole,760,0,0
入场,宫格归位,7633732706433617171,anim_7633732706433617171,fade,whole,760,0,0
入场,手机开屏,7608054633453505817,anim_7608054633453505817,wipe,whole,960,0,0
入场,放大镜,7576273357184781593,anim_7576273357184781593,zoom,whole,880,0,0
入场,抖动横移,7265946978792510010,anim_7265946978792510010,wave_shake,whole,760,0,0
入场,震动波纹,7307196313148330547,anim_7307196313148330547,wave_shake,whole,760,0,0
入场,冰块,7413325383308677683,anim_7413325383308677683,fade,whole,760,0,0
入场,上课,7641541215736909080,anim_7641541215736909080,fade,whole,760,0,0
入场,闪白抖动,7612574566052826387,anim_7612574566052826387,glow,whole,1100,0,0
入场,复古卷轴,7605543998618438936,anim_7605543998618438936,fade,whole,760,0,0
入场,圆环旋转,7615181393689185577,anim_7615181393689185577,rotate,whole,960,0,0
入场,上滑点开,7634144101713136921,anim_7634144101713136921,slide,whole,820,0,0
入场,报纸拼贴,7449589619034690074,anim_7449589619034690074,fade,whole,760,0,0
入场,错位拼接,7593261620990725412,anim_7593261620990725412,glitch,whole,780,0,0
入场,模糊闪白,7615181568486821163,anim_7615181568486821163,blur,whole,900,0,0
入场,方块滑入,7549508208612920600,anim_7549508208612920600,slide,whole,820,0,0
入场,醒狮采青,7598403702877293886,anim_7598403702877293886,fade,whole,760,0,0
入场,时间开幕,7532952859965689113,anim_7532952859965689113,wipe,whole,960,0,0
入场,交错归位,7623373871084899610,anim_7623373871084899610,fade,whole,760,0,0
入场,春意入画,7610346676859227417,anim_7610346676859227417,fade,whole,760,0,0
入场,打开文件夹,7581793227150511422,anim_7581793227150511422,fade,whole,760,0,0
入场,重炮轰球,7646757756103314713,anim_7646757756103314713,fade,whole,760,0,0
入场,向上滚动,7312341574988337690,anim_7312341574988337690,slide,whole,820,0,0
入场,享受生活,7634015465588673811,anim_7634015465588673811,fade,whole,760,0,0
入场,手写云朵,7468589903001948681,anim_7468589903001948681,material,whole,1050,0,0
出场,九宫格,7434746460190544411,anim_7434746460190544411,fade,whole,760,0,0
出场,扇形闭合,7614238835781831960,anim_7614238835781831960,fade,whole,760,0,0
出场,冬季雪花,7447044440868262410,anim_7447044440868262410,material,whole,1050,0,0
出场,震动波纹,7307196476340310554,anim_7307196476340310554,wave_shake,whole,760,0,0
出场,黑白画中画,7436273288612942374,anim_7436273288612942374,fade,whole,760,0,0
出场,竖向拼接,7434412782285492773,anim_7434412782285492773,fade,whole,760,0,0
出场,弹力分割,7343902820808004123,anim_7343902820808004123,bounce,whole,900,0,0
出场,区域色块滑动,7436273288604553755,anim_7436273288604553755,slide,whole,820,0,0
出场,多屏分割I,7434055685572153907,anim_7434055685572153907,fade,whole,760,0,0
出场,多屏分割II,7434055685572137482,anim_7434055685572137482,fade,whole,760,0,0
出场,竖向切出,7572779340153343256,anim_7572779340153343256,fade,whole,760,0,0
出场,录像带分屏,7436273288608748041,anim_7436273288608748041,fade,whole,760,0,0
出场,雪花遮罩,7442590863349256754,anim_7442590863349256754,wipe,whole,960,0,0
出场,扔雪球,7567665590966652185,anim_7567665590966652185,material,whole,1050,0,0
出场,能量立方,7361364150229930506,anim_7361364150229930506,fade,whole,760,0,0
出场,报纸拼贴Ⅱ,7449589619038884378,anim_7449589619038884378,fade,whole,760,0,0
出场,破碎的心,7485187466618785048,anim_7485187466618785048,fade,whole,760,0,0
出场,辉光飞出,7598131448729668926,anim_7598131448729668926,glow,whole,1100,0,0
出场,负片闪屏,7434055685567943194,anim_7434055685567943194,glow,whole,1100,0,0
出场,晃动抽帧,7435897594078827035,anim_7435897594078827035,wave_shake,whole,760,0,0
出场,波纹弹动,7345803511390540288,anim_7345803511390540288,bounce,whole,900,0,0
入场,玉兔渐显,7566927273631173898,anim_7566927273631173898,fade,whole,760,0,0
入场,彩带喷射,7563555563871800626,anim_7563555563871800626,fade,whole,760,0,0
入场,南瓜火焰,7566973606207573275,anim_7566973606207573275,material,whole,1050,0,0
入场,圣诞帽弹跳,7169419861158793759,anim_7169419861158793759,bounce,whole,900,0,0
入场,圣诞树弹跳II,7174706243267727930,anim_7174706243267727930,bounce,whole,900,0,0
入场,立体折叠,7526839887526448430,anim_7526839887526448430,rotate,whole,960,0,0
入场,探照灯,7579090445565758783,anim_7579090445565758783,fade,whole,760,0,0
入场,玩雪,7304943429962699290,anim_7304943429962699290,material,whole,1050,0,0
入场,玉兔衔灯,7566927578670452006,anim_7566927578670452006,fade,whole,760,0,0
入场,多层上移,7646323098160991529,anim_7646323098160991529,fade,whole,760,0,0
循环,循环翻页,7629238590526147865,anim_7629238590526147865,rotate,whole,1400,0,1
入场,辉光渐消,7647824968104955155,anim_7647824968104955155,glow,whole,1100,0,0
入场,粽叶迎端午,7646350670030720281,anim_7646350670030720281,fade,whole,760,0,0
入场,百叶窗,7632570695318474046,anim_7632570695318474046,wipe,whole,960,0,0
入场,马年鞭炮,7602927717171858713,anim_7602927717171858713,fade,whole,760,0,0
入场,故障拉扯,7603296338599529734,anim_7603296338599529734,glitch,whole,780,0,0
入场,胶片翻转,7578785136351808830,anim_7578785136351808830,rotate,whole,960,0,0
入场,水墨太极,7580628825495883032,anim_7580628825495883032,material,whole,1050,0,0
入场,春节卷轴,7597365048859921726,anim_7597365048859921726,fade,whole,760,0,0
入场,飞近,7394717122653327910,anim_7394717122653327910,fade,whole,760,0,0
入场,RGB撕裂,7647823751656115492,anim_7647823751656115492,fade,whole,760,0,0
入场,磨砂旋入,7630761864976141610,anim_7630761864976141610,rotate,whole,960,0,0
入场,曝光放射,7158737452939612703,anim_7158737452939612703,glow,whole,1100,0,0
入场,回旋冲击,7615181657636637994,anim_7615181657636637994,rotate,whole,960,0,0
入场,网格显现,7549111197052783897,anim_7549111197052783897,fade,whole,760,0,0
入场,花屏故障,7631881815258697014,anim_7631881815258697014,glitch,whole,780,0,0
入场,闪屏故障,7603291462113053988,anim_7603291462113053988,glitch,whole,780,0,0
入场,扇形展开,7614338125699173694,anim_7614338125699173694,fade,whole,760,0,0
入场,模糊闪光Ⅱ,7645245824187780358,anim_7645245824187780358,blur,whole,900,0,0
入场,引力弹簧,7593261186502675766,anim_7593261186502675766,bounce,whole,900,0,0
入场,花瓣吹拂,7604096402565713176,anim_7604096402565713176,fade,whole,760,0,0
入场,波浪碎片Ⅱ,7623372641159662857,anim_7623372641159662857,wave_shake,whole,760,0,0
入场,棱镜色散,7631882260253396243,anim_7631882260253396243,fade,whole,760,0,0
出场,马赛克,7283415427328250405,anim_7283415427328250405,fade,whole,760,0,0
出场,极光爆发,7647807129075731753,anim_7647807129075731753,fade,whole,760,0,0
